Brand,Model,Speed,Price,Rating
Hankook,VENTUS V2 CONCEPT2 H457,,555.96,
Nexen,NPRIZ AH5,,491.96000000000004,
Hankook,KINERGY GT H436,,595.96,
Uniroyal,TIGER PAW TOURING A/S DT,,563.96,
Goodyear,EAGLE RS-A,,487.96000000000004,
Uniroyal,TIGER PAW TOURING A/S DT,,567.96,
Toyo,EXTENSA A/S II,,611.96,
Goodyear,ASSURANCE ALL-SEASON,,499.96000000000004,
BFGoodrich,G-FORCE COMP-2 A/S PLUS,,521.96,
Goodyear,EAGLE RS-A,,515.96,
Hankook,KINERGY PT H737,,635.96,
Nexen,NPRIZ AH8,,539.96,
Toyo,TOYO A20,,639.96,
Sumitomo,HTR A/S P03,,639.96,
Nexen,NPRIZ AH8,,551.96,
Hankook,KINERGY GT H436,,651.96,
Cooper,ZEON RS3-G1,,651.96,
Toyo,PROXES SPORT A/S,,651.96,
